t,h,dx,dy,X,Y,FPS
0.0000,74.00,0.00,0.00,0.00,0.00,0
0.0176,74.00,0.00,0.00,0.00,0.00,5
0.0342,74.00,0.00,0.00,0.00,0.00,11
0.0903,74.00,0.00,0.00,0.00,0.00,11
0.1065,74.00,0.00,0.00,0.00,0.00,16
0.1221,74.00,0.00,0.00,0.00,0.00,21
0.1530,74.00,0.00,0.00,0.00,0.00,22
0.1699,74.00,0.00,0.00,0.00,0.00,26
0.2055,74.00,0.00,0.00,0.00,0.00,26
0.2206,74.00,0.00,0.00,0.00,0.00,30
0.2582,74.00,0.00,0.00,0.00,0.00,30
0.2734,74.00,0.00,0.00,0.00,0.00,33
0.3036,74.00,0.00,0.00,0.00,0.00,33
0.3190,74.00,0.00,0.00,0.00,0.00,36
0.3639,74.00,0.00,0.00,0.00,0.00,35
0.3803,74.00,0.00,0.00,0.00,0.00,37
0.4108,74.00,0.00,0.00,0.00,0.00,37
0.4279,74.00,0.00,0.00,0.00,0.00,39
0.4589,74.00,0.00,0.00,0.00,0.00,38
0.4762,74.00,0.00,0.00,0.00,0.00,40
0.5223,74.00,0.00,0.00,0.00,0.00,38
0.5389,74.00,0.00,0.00,0.00,0.00,40
0.5698,74.00,0.00,0.00,0.00,0.00,40
0.5854,74.00,0.00,0.00,0.00,0.00,42
0.6182,74.00,0.00,0.00,0.00,0.00,41
0.6382,74.00,0.00,0.00,0.00,0.00,42
0.6697,74.00,0.00,0.00,0.00,0.00,41
0.6869,74.00,0.00,0.00,0.00,0.00,42
0.7179,74.00,0.00,0.00,0.00,0.00,41
0.7489,74.00,0.00,0.00,0.00,0.00,40
0.7824,74.00,0.00,0.00,0.00,0.00,39
0.7991,74.00,0.00,0.00,0.00,0.00,41
0.8316,74.00,0.00,0.00,0.00,0.00,40
0.8492,74.00,0.00,0.00,0.00,0.00,42
0.9250,74.00,0.00,0.00,0.00,0.00,39
0.9424,74.00,0.00,0.00,0.00,0.00,41
0.9578,74.00,0.00,0.00,0.00,0.00,43
1.0584,74.00,0.00,0.00,0.00,0.00,40
1.0757,74.00,0.00,0.00,0.00,0.00,41
1.0928,74.00,0.00,0.00,0.00,0.00,43
1.1234,74.00,0.00,0.00,0.00,0.00,42
1.1391,74.00,0.00,0.00,0.00,0.00,44
1.1699,74.00,0.00,0.00,0.00,0.00,43
1.1861,74.00,0.00,0.00,0.00,0.00,45
1.2198,74.00,0.00,0.00,0.00,0.00,43
1.2360,74.00,0.00,0.00,0.00,0.00,45
1.2674,74.00,0.00,0.00,0.00,0.00,44
1.2984,74.00,0.00,0.00,0.00,0.00,42
1.3274,74.00,0.00,0.00,0.00,0.00,42
1.3439,74.00,0.00,0.00,0.00,0.00,43
1.3748,74.00,0.00,0.00,0.00,0.00,42
1.4069,74.00,0.00,0.00,0.00,0.00,41
1.4217,74.00,0.00,0.00,0.00,0.00,44
1.4529,74.00,0.00,0.00,0.00,0.00,42
1.4834,74.00,0.00,0.00,0.00,0.00,41
1.4987,74.00,0.00,0.00,0.00,0.00,44
1.5283,74.00,0.00,0.00,0.00,0.00,43
1.5615,74.00,0.00,0.00,0.00,0.00,41
1.5767,74.00,0.00,0.00,0.00,0.00,44
1.6076,74.00,0.00,0.00,0.00,0.00,43
1.6381,74.00,0.00,0.00,0.00,0.00,42
1.6537,74.00,0.00,0.00,0.00,0.00,44
1.6835,74.00,0.00,0.00,0.00,0.00,43
1.7157,74.00,0.00,0.00,0.00,0.00,42
1.7315,74.00,0.00,0.00,0.00,0.00,44
1.7609,74.00,0.00,0.00,0.00,0.00,43
1.7902,74.00,0.00,0.00,0.00,0.00,42
1.8088,74.00,0.00,0.00,0.00,0.00,43
1.8385,74.00,0.00,0.00,0.00,0.00,42
1.8685,74.00,0.00,0.00,0.00,0.00,41
1.8840,74.00,0.00,0.00,0.00,0.00,43
1.9173,74.00,0.00,0.00,0.00,0.00,42
1.9331,74.00,0.00,0.00,0.00,0.00,44
1.9634,74.00,0.00,0.00,0.00,0.00,43
1.9971,74.00,0.00,0.00,0.00,0.00,41
2.0136,74.00,0.00,0.00,0.00,0.00,43
2.0441,74.00,0.00,0.00,0.00,0.00,42
2.0758,74.00,0.00,0.00,0.00,0.00,41
2.0909,74.00,0.00,0.00,0.00,0.00,44
2.1213,74.00,0.00,0.00,0.00,0.00,42
2.1377,74.00,0.00,0.00,0.00,0.00,44
2.1681,74.00,0.00,0.00,0.00,0.00,43
2.1979,74.00,0.00,0.00,0.00,0.00,42
2.2293,74.00,0.00,0.00,0.00,0.00,41
2.2449,74.00,0.00,0.00,0.00,0.00,43
2.2753,74.00,0.00,0.00,0.00,0.00,42
2.3074,74.00,0.00,0.00,0.00,0.00,41
2.3239,74.00,0.00,0.00,0.00,0.00,43
2.3567,74.00,0.00,0.00,0.00,0.00,42
2.3844,74.00,0.00,0.00,0.00,0.00,41
2.4030,74.00,0.00,0.00,0.00,0.00,42
2.4331,74.00,0.00,0.00,0.00,0.00,41
2.4750,74.00,0.00,0.00,0.00,0.00,39
2.4918,74.00,0.00,0.00,0.00,0.00,41
2.5074,74.00,0.00,0.00,0.00,0.00,44
2.5396,74.00,0.00,0.00,0.00,0.00,42
2.5562,74.00,0.00,0.00,0.00,0.00,44
2.5867,74.00,0.00,0.00,0.00,0.00,43
2.6253,74.00,0.00,0.00,0.00,0.00,41
2.6409,74.00,0.00,0.00,0.00,0.00,43
2.6562,74.00,0.00,0.00,0.00,0.00,46
2.6865,74.00,0.00,0.00,0.00,0.00,44
2.7176,74.00,0.00,0.00,0.00,0.00,43
2.7334,74.00,0.00,0.00,0.00,0.00,45
2.7625,74.00,0.00,0.00,0.00,0.00,44
2.7930,74.00,0.00,0.00,0.00,0.00,43
2.8094,74.00,0.00,0.00,0.00,0.00,45
2.8397,74.00,0.00,0.00,0.00,0.00,43
2.8713,74.00,0.00,0.00,0.00,0.00,42
2.8873,74.00,0.00,0.00,0.00,0.00,44
2.9189,74.00,0.00,0.00,0.00,0.00,43
2.9497,74.00,0.00,0.00,0.00,0.00,42
2.9661,74.00,0.00,0.00,0.00,0.00,44
2.9955,74.00,0.00,0.00,0.00,0.00,43
3.0268,74.00,0.00,0.00,0.00,0.00,41
3.0417,74.00,0.00,0.00,0.00,0.00,44
3.0714,74.00,0.00,0.00,0.00,0.00,43
3.1025,74.00,0.00,0.00,0.00,0.00,42
3.1180,74.00,0.00,0.00,0.00,0.00,44
3.1475,74.00,0.00,0.00,0.00,0.00,43
3.1768,74.00,0.00,0.00,0.00,0.00,42
3.2080,74.00,0.00,0.00,0.00,0.00,41
3.2236,74.00,0.00,0.00,0.00,0.00,43
3.2535,74.00,0.00,0.00,0.00,0.00,42
3.2833,74.00,0.00,0.00,0.00,0.00,41
3.2993,74.00,0.00,0.00,0.00,0.00,43
3.3291,74.00,0.00,0.00,0.00,0.00,42
3.3584,74.00,0.00,0.00,0.00,0.00,41
3.3737,74.00,0.00,0.00,0.00,0.00,44
3.4037,74.00,0.00,0.00,0.00,0.00,43
3.4347,74.00,0.00,0.00,0.00,0.00,42
3.4652,74.00,0.00,0.00,0.00,0.00,41
3.4803,74.00,0.00,0.00,0.00,0.00,43
3.5105,74.00,0.00,0.00,0.00,0.00,42
3.5527,74.00,0.00,0.00,0.00,0.00,40
3.5684,74.00,0.00,0.00,0.00,0.00,43
3.5863,74.00,0.00,0.00,0.00,0.00,44
3.6212,74.00,0.00,0.00,0.00,0.00,42
3.6379,74.00,0.00,0.00,0.00,0.00,44
3.6679,74.00,0.00,0.00,0.00,0.00,43
3.6848,74.00,0.00,0.00,0.00,0.00,44
3.7144,74.00,0.00,0.00,0.00,0.00,43
3.7449,74.00,0.00,0.00,0.00,0.00,42
3.7751,74.00,0.00,0.00,0.00,0.00,41
3.7900,74.00,0.00,0.00,0.00,0.00,44
3.8206,74.00,0.00,0.00,0.00,0.00,43
3.8378,74.00,0.00,0.00,0.00,0.00,44
3.8697,74.00,0.00,0.00,0.00,0.00,43
3.8868,74.00,0.00,0.00,0.00,0.00,44
3.9164,74.00,0.00,0.00,0.00,0.00,43
3.9457,74.00,0.00,0.00,0.00,0.00,42
3.9750,74.00,0.00,0.00,0.00,0.00,41
3.9905,74.00,0.00,0.00,0.00,0.00,44
4.0201,74.00,0.00,0.00,0.00,0.00,43
4.0516,74.00,0.00,0.00,0.00,0.00,41
4.0813,74.00,0.00,0.00,0.00,0.00,41
4.0982,74.00,0.00,0.00,0.00,0.00,42
4.1286,74.00,0.00,0.00,0.00,0.00,41
4.1442,74.00,0.00,0.00,0.00,0.00,44
4.1743,74.00,0.00,0.00,0.00,0.00,43
4.2059,74.00,0.00,0.00,0.00,0.00,41
4.2350,74.00,0.00,0.00,0.00,0.00,41
4.2497,74.00,0.00,0.00,0.00,0.00,43
4.2792,74.00,0.00,0.00,0.00,0.00,42
4.3097,74.00,0.00,0.00,0.00,0.00,41
4.3420,74.00,0.00,0.00,0.00,0.00,40
4.3571,74.00,0.00,0.00,0.00,0.00,43
4.3875,74.00,0.00,0.00,0.00,0.00,42
4.4053,74.00,0.00,0.00,0.00,0.00,43
4.4351,74.00,0.00,0.00,0.00,0.00,42
4.4507,74.00,0.00,0.00,0.00,0.00,44
4.4818,74.00,0.00,0.00,0.00,0.00,43
4.5141,74.00,0.00,0.00,0.00,0.00,42
4.5435,74.00,0.00,0.00,0.00,0.00,41
4.5585,74.00,0.00,0.00,0.00,0.00,43
4.5877,74.00,0.00,0.00,0.00,0.00,42
4.6061,74.00,0.00,0.00,0.00,0.00,44
4.6379,74.00,0.00,0.00,0.00,0.00,42
4.6682,74.00,0.00,0.00,0.00,0.00,41
4.6971,74.00,0.00,0.00,0.00,0.00,41
4.7130,74.00,0.00,0.00,0.00,0.00,43
4.7437,74.00,0.00,0.00,0.00,0.00,42
4.7726,74.00,0.00,0.00,0.00,0.00,41
4.8032,74.00,0.00,0.00,0.00,0.00,40
4.8188,74.00,0.00,0.00,0.00,0.00,42
4.8527,74.00,0.00,0.00,0.00,0.00,41
4.8687,74.00,0.00,0.00,0.00,0.00,43
4.8994,74.00,0.00,0.00,0.00,0.00,42
4.9149,74.00,0.00,0.00,0.00,0.00,44
4.9474,74.00,0.00,0.00,0.00,0.00,43
4.9769,74.00,0.00,0.00,0.00,0.00,42
5.0086,74.00,0.00,0.00,0.00,0.00,41
5.0235,74.00,0.00,0.00,0.00,0.00,43
5.0562,74.00,0.00,0.00,0.00,0.00,42
5.0709,74.00,0.00,0.00,0.00,0.00,45
5.1156,74.00,0.00,0.00,0.00,0.00,42
5.1314,74.00,0.00,0.00,0.00,0.00,44
5.1607,74.00,0.00,0.00,0.00,0.00,43
5.1761,74.00,0.00,0.00,0.00,0.00,45
5.2073,74.00,0.00,0.00,0.00,0.00,44
5.2232,74.00,0.00,0.00,0.00,0.00,46
5.2669,74.00,0.00,0.00,0.00,0.00,44
5.2827,74.00,0.00,0.00,0.00,0.00,45
5.3121,74.00,0.00,0.00,0.00,0.00,44
5.3273,74.00,0.00,0.00,0.00,0.00,46
5.3604,74.00,0.00,0.00,0.00,0.00,45
5.3767,74.00,0.00,0.00,0.00,0.00,46
5.4234,74.00,0.00,0.00,0.00,0.00,44
5.4384,74.00,0.00,0.00,0.00,0.00,46
5.4671,74.00,0.00,0.00,0.00,0.00,45
5.4826,74.00,0.00,0.00,0.00,0.00,47
5.5270,74.00,0.00,0.00,0.00,0.00,44
5.5431,74.00,0.00,0.00,0.00,0.00,46
5.5723,74.00,0.00,0.00,0.00,0.00,45
5.5873,74.00,0.00,0.00,0.00,0.00,47
5.7334,74.00,0.00,0.00,0.00,0.00,43
5.7560,74.00,0.00,0.00,0.00,0.00,43
5.7725,74.00,0.00,0.00,0.00,0.00,45
5.7914,74.00,0.00,0.00,0.00,0.00,45
5.8240,74.00,0.00,0.00,0.00,0.00,44
5.8603,74.00,0.00,0.00,0.00,0.00,42
5.8769,74.00,0.00,0.00,0.00,0.00,44
5.8996,74.00,0.00,0.00,0.00,0.00,44
5.9241,74.00,0.00,0.00,0.00,0.00,44
5.9799,74.00,0.00,0.00,0.00,0.00,41
6.0060,74.00,0.00,0.00,0.00,0.00,41
6.0296,74.00,0.00,0.00,0.00,0.00,41
6.0451,74.00,0.00,0.00,0.00,0.00,43
6.0618,74.00,0.00,0.00,0.00,0.00,45
6.1366,74.00,0.00,0.00,0.00,0.00,42
6.1522,74.00,0.00,0.00,0.00,0.00,44
6.1687,74.00,0.00,0.00,0.00,0.00,45
6.2187,74.00,0.00,0.00,0.00,0.00,43
6.2348,74.00,0.00,0.00,0.00,0.00,45
6.2530,74.00,0.00,0.00,0.00,0.00,46
6.2849,74.00,0.00,0.00,0.00,0.00,44
6.3004,74.00,0.00,0.00,0.00,0.00,46
6.3304,74.00,0.00,0.00,0.00,0.00,45
6.3480,74.00,0.00,0.00,0.00,0.00,46
6.3813,74.00,0.00,0.00,0.00,0.00,44
6.3969,74.00,0.00,0.00,0.00,0.00,46
6.4300,74.00,0.00,0.00,0.00,0.00,45
6.4471,74.00,0.00,0.00,0.00,0.00,46
6.4791,74.00,0.00,0.00,0.00,0.00,44
6.4970,74.00,0.00,0.00,0.00,0.00,46
6.5296,74.00,0.00,0.00,0.00,0.00,44
6.5616,74.00,0.00,0.00,0.00,0.00,43
6.5926,74.00,0.00,0.00,0.00,0.00,42
6.6079,74.00,0.00,0.00,0.00,0.00,44
6.6382,74.00,0.00,0.00,0.00,0.00,43
6.6535,74.00,0.00,0.00,0.00,0.00,45
6.6855,74.00,0.00,0.00,0.00,0.00,44
6.7184,74.00,0.00,0.00,0.00,0.00,42
6.7522,74.00,0.00,0.00,0.00,0.00,41
6.7702,74.00,0.00,0.00,0.00,0.00,42
6.8154,74.00,0.00,0.00,0.00,0.00,40
6.8352,74.00,0.00,0.00,0.00,0.00,41
6.8503,74.00,0.00,0.00,0.00,0.00,44
6.8800,74.00,0.00,0.00,0.00,0.00,43
6.8992,74.00,0.00,0.00,0.00,0.00,44
6.9344,74.00,0.00,0.00,0.00,0.00,42
6.9524,74.00,0.00,0.00,0.00,0.00,43
6.9863,74.00,0.00,0.00,0.00,0.00,42
7.0027,74.00,0.00,0.00,0.00,0.00,44
7.0330,74.00,0.00,0.00,0.00,0.00,43
7.0491,74.00,0.00,0.00,0.00,0.00,44
7.0799,74.00,0.00,0.00,0.00,0.00,43
7.1098,74.00,0.00,0.00,0.00,0.00,42
7.1424,74.00,0.00,0.00,0.00,0.00,41
7.1575,74.00,0.00,0.00,0.00,0.00,43
7.1891,74.00,0.00,0.00,0.00,0.00,42
7.2062,74.00,0.00,0.00,0.00,0.00,44
7.2360,74.00,0.00,0.00,0.00,0.00,43
7.2515,74.00,0.00,0.00,0.00,0.00,45
7.2952,74.00,0.00,0.00,0.00,0.00,43
7.3102,74.00,0.00,0.00,0.00,0.00,45
7.3400,74.00,0.00,0.00,0.00,0.00,44
7.3556,74.00,0.00,0.00,0.00,0.00,46
7.3870,74.00,0.00,0.00,0.00,0.00,44
7.4168,74.00,0.00,0.00,0.00,0.00,43
7.4592,74.00,0.00,0.00,0.00,0.00,41
7.4762,74.00,0.00,0.00,0.00,0.00,43
7.4919,74.00,0.00,0.00,0.00,0.00,45
7.5153,74.00,0.00,0.00,0.00,0.00,45
7.5459,74.00,0.00,0.00,0.00,0.00,43
7.5778,74.00,0.00,0.00,0.00,0.00,42
7.5954,74.00,0.00,0.00,0.00,0.00,44
7.6284,74.00,0.00,0.00,0.00,0.00,42
7.6444,74.00,0.00,0.00,0.00,0.00,44
7.6851,74.00,0.00,0.00,0.00,0.00,42
7.7110,74.00,0.00,0.00,0.00,0.00,42
7.7298,74.00,0.00,0.00,0.00,0.00,43
7.7641,74.00,0.00,0.00,0.00,0.00,41
7.7838,74.00,0.00,0.00,0.00,0.00,42
7.8215,74.00,0.00,0.00,0.00,0.00,41
7.8385,74.00,0.00,0.00,0.00,0.00,42
7.8674,74.00,0.00,0.00,0.00,0.00,42
7.8828,74.00,0.00,0.00,0.00,0.00,44
7.9132,74.00,0.00,0.00,0.00,0.00,43
7.9291,74.00,0.00,0.00,0.00,0.00,45
7.9723,74.00,0.00,0.00,0.00,0.00,43
8.0462,74.00,0.00,0.00,0.00,0.00,40
8.0671,74.00,0.00,0.00,0.00,0.00,40
8.0859,74.00,0.00,0.00,0.00,0.00,42
8.1106,74.00,0.00,0.00,0.00,0.00,41
8.1272,74.00,0.00,0.00,0.00,0.00,43
8.1592,74.00,0.00,0.00,0.00,0.00,42
8.1869,74.00,0.00,0.00,0.00,0.00,41
8.2050,74.00,0.00,0.00,0.00,0.00,43
8.2399,74.00,0.00,0.00,0.00,0.00,41
8.2770,74.00,0.00,0.00,0.00,0.00,40
8.3009,74.00,0.00,0.00,0.00,0.00,40
8.3173,74.00,0.00,0.00,0.00,0.00,42
8.3517,74.00,0.00,0.00,0.00,0.00,41
8.3934,74.00,0.00,0.00,0.00,0.00,39
8.4335,74.00,0.00,0.00,0.00,0.00,37
8.4726,74.00,0.00,0.00,0.00,0.00,36
8.5130,74.00,0.00,0.00,0.00,0.00,35
8.5351,74.00,0.00,0.00,0.00,0.00,36
8.5511,74.00,0.00,0.00,0.00,0.00,39
8.5852,74.00,0.00,0.00,0.00,0.00,38
8.6021,74.00,0.00,0.00,0.00,0.00,40
8.6375,74.00,0.00,0.00,0.00,0.00,39
8.6523,74.00,0.00,0.00,0.00,0.00,41
8.6842,74.00,0.00,0.00,0.00,0.00,40
8.6990,74.00,0.00,0.00,0.00,0.00,43
8.7294,74.00,0.00,0.00,0.00,0.00,42
8.7460,74.00,0.00,0.00,0.00,0.00,44
8.7910,74.00,0.00,0.00,0.00,0.00,42
8.8066,74.00,0.00,0.00,0.00,0.00,44
8.8365,74.00,0.00,0.00,0.00,0.00,43
8.8518,74.00,0.00,0.00,0.00,0.00,45
8.8840,74.00,0.00,0.00,0.00,0.00,43
8.8995,74.00,0.00,0.00,0.00,0.00,45
8.9452,74.00,0.00,0.00,0.00,0.00,43
8.9614,74.00,0.00,0.00,0.00,0.00,45
8.9920,74.00,0.00,0.00,0.00,0.00,44
9.0067,74.00,0.00,0.00,0.00,0.00,46
9.0359,74.00,0.00,0.00,0.00,0.00,45
9.0657,74.00,0.00,0.00,0.00,0.00,44
9.0954,74.00,0.00,0.00,0.00,0.00,43
9.1106,74.00,0.00,0.00,0.00,0.00,45
9.1418,74.00,0.00,0.00,0.00,0.00,43
9.1708,74.00,0.00,0.00,0.00,0.00,43
9.1886,74.00,0.00,0.00,0.00,0.00,44
9.2211,74.00,0.00,0.00,0.00,0.00,43
9.2513,74.00,0.00,0.00,0.00,0.00,42
9.2681,74.00,0.00,0.00,0.00,0.00,43
9.3019,74.00,0.00,0.00,0.00,0.00,42
9.3194,74.00,0.00,0.00,0.00,0.00,43
9.3547,74.00,0.00,0.00,0.00,0.00,42
9.3726,74.00,0.00,0.00,0.00,0.00,43
9.4082,74.00,0.00,0.00,0.00,0.00,42
9.4264,74.00,0.00,0.00,0.00,0.00,43
9.4575,74.00,0.00,0.00,0.00,0.00,42
9.4768,74.00,0.00,0.00,0.00,0.00,43
9.5093,74.00,0.00,0.00,0.00,0.00,41
9.5244,74.00,0.00,0.00,0.00,0.00,44
9.5582,74.00,0.00,0.00,0.00,0.00,42
9.5785,74.00,0.00,0.00,0.00,0.00,43
9.6157,74.00,0.00,0.00,0.00,0.00,41
9.6352,74.00,0.00,0.00,0.00,0.00,42
9.6654,74.00,0.00,0.00,0.00,0.00,41
9.6801,74.00,0.00,0.00,0.00,0.00,44
9.7099,74.00,0.00,0.00,0.00,0.00,43
9.7405,74.00,0.00,0.00,0.00,0.00,42
9.7563,74.00,0.00,0.00,0.00,0.00,44
9.7872,74.00,0.00,0.00,0.00,0.00,43
9.8189,74.00,0.00,0.00,0.00,0.00,42
9.8345,74.00,0.00,0.00,0.00,0.00,44
9.8687,74.00,0.00,0.00,0.00,0.00,42
9.8936,74.00,0.00,0.00,0.00,0.00,42
9.9366,74.00,0.00,0.00,0.00,0.00,40
9.9520,74.00,0.00,0.00,0.00,0.00,42
9.9679,74.00,0.00,0.00,0.00,0.00,44
10.0020,74.00,0.00,0.00,0.00,0.00,43
10.0358,74.00,0.00,0.00,0.00,0.00,42
10.0542,74.00,0.00,0.00,0.00,0.00,43
10.0947,74.00,0.00,0.00,0.00,0.00,41
10.1180,74.00,0.00,0.00,0.00,0.00,41
10.1359,74.00,0.00,0.00,0.00,0.00,43
10.1562,74.00,0.00,0.00,0.00,0.00,43
10.1886,74.00,0.00,0.00,0.00,0.00,42
10.2042,74.00,0.00,0.00,0.00,0.00,44
10.2343,74.00,0.00,0.00,0.00,0.00,43
10.2654,74.00,0.00,0.00,0.00,0.00,42
10.3000,74.00,0.00,0.00,0.00,0.00,40
10.3157,74.00,0.00,0.00,0.00,0.00,43
10.3463,74.00,0.00,0.00,0.00,0.00,42
10.3623,74.00,0.00,0.00,0.00,0.00,44
10.3933,74.00,0.00,0.00,0.00,0.00,43
10.4086,74.00,0.00,0.00,0.00,0.00,45
10.4530,74.00,0.00,0.00,0.00,0.00,42
10.4687,74.00,0.00,0.00,0.00,0.00,45
10.4989,74.00,0.00,0.00,0.00,0.00,43
10.5136,74.00,0.00,0.00,0.00,0.00,46
10.5432,74.00,0.00,0.00,0.00,0.00,45
10.5746,74.00,0.00,0.00,0.00,0.00,43
10.6048,74.00,0.00,0.00,0.00,0.00,42
10.6209,74.00,0.00,0.00,0.00,0.00,44
10.6524,74.00,0.00,0.00,0.00,0.00,43
10.6678,74.00,0.00,0.00,0.00,0.00,45
10.7120,74.00,0.00,0.00,0.00,0.00,43
10.7278,74.00,0.00,0.00,0.00,0.00,45
10.7573,74.00,0.00,0.00,0.00,0.00,44
10.7731,74.00,0.00,0.00,0.00,0.00,45
10.8032,74.00,0.00,0.00,0.00,0.00,44
10.8327,74.00,0.00,0.00,0.00,0.00,43
10.8632,74.00,0.00,0.00,0.00,0.00,42
10.8789,74.00,0.00,0.00,0.00,0.00,44
10.9081,74.00,0.00,0.00,0.00,0.00,43
10.9271,74.00,0.00,0.00,0.00,0.00,44
10.9570,74.00,0.00,0.00,0.00,0.00,43
10.9868,74.00,0.00,0.00,0.00,0.00,42
11.0174,74.00,0.00,0.00,0.00,0.00,41
11.0321,74.00,0.00,0.00,0.00,0.00,44
11.0648,74.00,0.00,0.00,0.00,0.00,42
11.0802,74.00,0.00,0.00,0.00,0.00,44
11.1113,74.00,0.00,0.00,0.00,0.00,43
11.1429,74.00,0.00,0.00,0.00,0.00,42
11.1726,74.00,0.00,0.00,0.00,0.00,41
11.1877,74.00,0.00,0.00,0.00,0.00,44
11.2173,74.00,0.00,0.00,0.00,0.00,43
11.2331,74.00,0.00,0.00,0.00,0.00,45
11.2658,74.00,0.00,0.00,0.00,0.00,43
11.2962,74.00,0.00,0.00,0.00,0.00,42
11.3270,74.00,0.00,0.00,0.00,0.00,41
11.3425,74.00,0.00,0.00,0.00,0.00,43
11.3732,74.00,0.00,0.00,0.00,0.00,42
11.3893,74.00,0.00,0.00,0.00,0.00,44
11.4201,74.00,0.00,0.00,0.00,0.00,43
11.4500,74.00,0.00,0.00,0.00,0.00,42
11.4795,74.00,0.00,0.00,0.00,0.00,41
11.4949,74.00,0.00,0.00,0.00,0.00,43
11.5248,74.00,0.00,0.00,0.00,0.00,42
11.5593,74.00,0.00,0.00,0.00,0.00,41
11.5745,74.00,0.00,0.00,0.00,0.00,43
11.6036,74.00,0.00,0.00,0.00,0.00,42
11.6361,74.00,0.00,0.00,0.00,0.00,41
11.6517,74.00,0.00,0.00,0.00,0.00,44
11.6829,74.00,0.00,0.00,0.00,0.00,42
11.6996,74.00,0.00,0.00,0.00,0.00,44
11.7300,74.00,0.00,0.00,0.00,0.00,43
11.7632,74.00,0.00,0.00,0.00,0.00,42
11.7807,74.00,0.00,0.00,0.00,0.00,43
11.8128,74.00,0.00,0.00,0.00,0.00,42
11.8286,74.00,0.00,0.00,0.00,0.00,44
11.8587,74.00,0.00,0.00,0.00,0.00,43
11.8892,74.00,0.00,0.00,0.00,0.00,42
11.9209,74.00,0.00,0.00,0.00,0.00,41
11.9380,74.00,0.00,0.00,0.00,0.00,42
11.9714,74.00,0.00,0.00,0.00,0.00,41
11.9864,74.00,0.00,0.00,0.00,0.00,44
12.0177,74.00,0.00,0.00,0.00,0.00,42
12.0338,74.00,0.00,0.00,0.00,0.00,44
12.0645,74.00,0.00,0.00,0.00,0.00,43
12.0979,74.00,0.00,0.00,0.00,0.00,42
12.1286,74.00,0.00,0.00,0.00,0.00,41
12.1447,74.00,0.00,0.00,0.00,0.00,43
12.1761,74.00,0.00,0.00,0.00,0.00,42
12.1917,74.00,0.00,0.00,0.00,0.00,44
12.2221,74.00,0.00,0.00,0.00,0.00,43
12.2548,74.00,0.00,0.00,0.00,0.00,41
12.2712,74.00,0.00,0.00,0.00,0.00,43
12.3015,74.00,0.00,0.00,0.00,0.00,42
12.3321,74.00,0.00,0.00,0.00,0.00,41
12.3485,74.00,0.00,0.00,0.00,0.00,43
12.3828,74.00,0.00,0.00,0.00,0.00,42
12.4002,74.00,0.00,0.00,0.00,0.00,43
12.4305,74.00,0.00,0.00,0.00,0.00,42
12.4459,74.00,0.00,0.00,0.00,0.00,44
12.4754,74.00,0.00,0.00,0.00,0.00,43
12.5065,74.00,0.00,0.00,0.00,0.00,42
12.5381,74.00,0.00,0.00,0.00,0.00,41
12.5570,74.00,0.00,0.00,0.00,0.00,42
12.5891,74.00,0.00,0.00,0.00,0.00,41
12.6040,74.00,0.00,0.00,0.00,0.00,44
12.6368,74.00,0.00,0.00,0.00,0.00,42
12.6663,74.00,0.00,0.00,0.00,0.00,41
12.6813,74.00,0.00,0.00,0.00,0.00,44
12.7111,74.00,0.00,0.00,0.00,0.00,43
12.7416,74.00,0.00,0.00,0.00,0.00,42
12.7587,74.00,0.00,0.00,0.00,0.00,43
12.7901,74.00,0.00,0.00,0.00,0.00,42
12.8196,74.00,0.00,0.00,0.00,0.00,41
12.8345,74.00,0.00,0.00,0.00,0.00,44
12.8639,74.00,0.00,0.00,0.00,0.00,43
12.8933,74.00,0.00,0.00,0.00,0.00,42
12.9086,74.00,0.00,0.00,0.00,0.00,44
12.9391,74.00,0.00,0.00,0.00,0.00,43
12.9705,74.00,0.00,0.00,0.00,0.00,42
12.9857,74.00,0.00,0.00,0.00,0.00,44
13.0153,74.00,0.00,0.00,0.00,0.00,43
13.0450,74.00,0.00,0.00,0.00,0.00,42
13.0751,74.00,0.00,0.00,0.00,0.00,41
13.0931,74.00,0.00,0.00,0.00,0.00,43
13.1246,74.00,0.00,0.00,0.00,0.00,41
13.1398,74.00,0.00,0.00,0.00,0.00,44
13.1715,74.00,0.00,0.00,0.00,0.00,43
13.2007,74.00,0.00,0.00,0.00,0.00,42
13.2315,74.00,0.00,0.00,0.00,0.00,41
13.2480,74.00,0.00,0.00,0.00,0.00,43
13.2783,74.00,0.00,0.00,0.00,0.00,42
13.2940,74.00,0.00,0.00,0.00,0.00,44
13.3233,74.00,0.00,0.00,0.00,0.00,43
13.3538,74.00,0.00,0.00,0.00,0.00,42
13.3841,74.00,0.00,0.00,0.00,0.00,41
13.3998,74.00,0.00,0.00,0.00,0.00,43
13.4308,74.00,0.00,0.00,0.00,0.00,42
13.4461,74.00,0.00,0.00,0.00,0.00,44
13.4759,74.00,0.00,0.00,0.00,0.00,43
13.5057,74.00,0.00,0.00,0.00,0.00,42
13.5380,74.00,0.00,0.00,0.00,0.00,41
13.5532,74.00,0.00,0.00,0.00,0.00,43
13.5831,74.00,0.00,0.00,0.00,0.00,42
13.6184,74.00,0.00,0.00,0.00,0.00,41
13.6344,74.00,0.00,0.00,0.00,0.00,43
13.6664,74.00,0.00,0.00,0.00,0.00,42
13.6960,74.00,0.00,0.00,0.00,0.00,41
13.7117,74.00,0.00,0.00,0.00,0.00,43
13.7438,74.00,0.00,0.00,0.00,0.00,42
13.7592,74.00,0.00,0.00,0.00,0.00,44
13.7898,74.00,0.00,0.00,0.00,0.00,43
13.8055,74.00,0.00,0.00,0.00,0.00,45
13.8371,74.00,0.00,0.00,0.00,0.00,44
13.8668,74.00,0.00,0.00,0.00,0.00,43
13.8968,74.00,0.00,0.00,0.00,0.00,42
13.9117,74.00,0.00,0.00,0.00,0.00,44
13.9410,74.00,0.00,0.00,0.00,0.00,43
13.9706,74.00,0.00,0.00,0.00,0.00,42
14.0032,74.00,0.00,0.00,0.00,0.00,41
14.0191,74.00,0.00,0.00,0.00,0.00,43
14.0492,74.00,0.00,0.00,0.00,0.00,42
14.0644,74.00,0.00,0.00,0.00,0.00,44
14.0941,74.00,0.00,0.00,0.00,0.00,43
14.1280,74.00,0.00,0.00,0.00,0.00,42
14.1602,74.00,0.00,0.00,0.00,0.00,41
14.1758,74.00,0.00,0.00,0.00,0.00,43
14.2060,74.00,0.00,0.00,0.00,0.00,42
14.2214,74.00,0.00,0.00,0.00,0.00,44
14.2539,74.00,0.00,0.00,0.00,0.00,43
14.2837,74.00,0.00,0.00,0.00,0.00,42
14.3004,74.00,0.00,0.00,0.00,0.00,44
14.3315,74.00,0.00,0.00,0.00,0.00,42
14.3619,74.00,0.00,0.00,0.00,0.00,41
14.3799,74.00,0.00,0.00,0.00,0.00,43
14.4266,74.00,0.00,0.00,0.00,0.00,41
14.4417,74.00,0.00,0.00,0.00,0.00,43
14.4666,74.00,0.00,0.00,0.00,0.00,43
14.4818,74.00,0.00,0.00,0.00,0.00,45
14.5118,74.00,0.00,0.00,0.00,0.00,44
14.5441,74.00,0.00,0.00,0.00,0.00,42
14.5614,74.00,0.00,0.00,0.00,0.00,44
14.5963,74.00,0.00,0.00,0.00,0.00,42
14.6133,74.00,0.00,0.00,0.00,0.00,44
14.6370,74.00,0.00,0.00,0.00,0.00,44
14.6674,74.00,0.00,0.00,0.00,0.00,43
14.6971,74.00,0.00,0.00,0.00,0.00,42
14.7130,74.00,0.00,0.00,0.00,0.00,44
14.7449,74.00,0.00,0.00,0.00,0.00,42
14.7629,74.00,0.00,0.00,0.00,0.00,44
14.8064,74.00,0.00,0.00,0.00,0.00,42
14.8228,74.00,0.00,0.00,0.00,0.00,43
14.8413,74.00,0.00,0.00,0.00,0.00,44
14.8749,74.00,0.00,0.00,0.00,0.00,43
14.8938,74.00,0.00,0.00,0.00,0.00,44
14.9229,74.00,0.00,0.00,0.00,0.00,43
14.9561,74.00,0.00,0.00,0.00,0.00,42
14.9714,74.00,0.00,0.00,0.00,0.00,44
15.0010,74.00,0.00,0.00,0.00,0.00,43
15.0316,74.00,0.00,0.00,0.00,0.00,42
15.0465,74.00,0.00,0.00,0.00,0.00,44
15.0776,74.00,0.00,0.00,0.00,0.00,43
15.1073,74.00,0.00,0.00,0.00,0.00,42
15.1370,74.00,0.00,0.00,0.00,0.00,41
15.1553,74.00,0.00,0.00,0.00,0.00,42
15.1844,74.00,0.00,0.00,0.00,0.00,42
15.1997,74.00,0.00,0.00,0.00,0.00,44
15.2302,74.00,0.00,0.00,0.00,0.00,43
15.2644,74.00,0.00,0.00,0.00,0.00,41
15.2797,74.00,0.00,0.00,0.00,0.00,44
15.3097,74.00,0.00,0.00,0.00,0.00,43
15.3396,74.00,0.00,0.00,0.00,0.00,42
15.3562,74.00,0.00,0.00,0.00,0.00,43
15.3872,74.00,0.00,0.00,0.00,0.00,42
15.4026,74.00,0.00,0.00,0.00,0.00,45
15.4332,74.00,0.00,0.00,0.00,0.00,43
15.4640,74.00,0.00,0.00,0.00,0.00,42
15.4934,74.00,0.00,0.00,0.00,0.00,41
15.5084,74.00,0.00,0.00,0.00,0.00,44
15.5379,74.00,0.00,0.00,0.00,0.00,43
15.5679,74.00,0.00,0.00,0.00,0.00,42
15.6006,74.00,0.00,0.00,0.00,0.00,41
15.6156,74.00,0.00,0.00,0.00,0.00,43
15.6473,74.00,0.00,0.00,0.00,0.00,42
15.6653,74.00,0.00,0.00,0.00,0.00,43
15.6972,74.00,0.00,0.00,0.00,0.00,42
15.7126,74.00,0.00,0.00,0.00,0.00,44
15.7429,74.00,0.00,0.00,0.00,0.00,43
15.7737,74.00,0.00,0.00,0.00,0.00,42
15.8028,74.00,0.00,0.00,0.00,0.00,41
15.8204,74.00,0.00,0.00,0.00,0.00,43
15.8503,74.00,0.00,0.00,0.00,0.00,42
15.8675,74.00,0.00,0.00,0.00,0.00,43
15.8971,74.00,0.00,0.00,0.00,0.00,42
15.9294,74.00,0.00,0.00,0.00,0.00,41
15.9463,74.00,0.00,0.00,0.00,0.00,43
15.9790,74.00,0.00,0.00,0.00,0.00,42
16.0144,74.00,0.00,0.00,0.00,0.00,40
16.0303,74.00,0.00,0.00,0.00,0.00,42
16.0625,74.00,0.00,0.00,0.00,0.00,41
16.0774,74.00,0.00,0.00,0.00,0.00,44
16.1066,74.00,0.00,0.00,0.00,0.00,43
16.1216,74.00,0.00,0.00,0.00,0.00,45
16.1522,74.00,0.00,0.00,0.00,0.00,44
16.1835,74.00,0.00,0.00,0.00,0.00,43
16.2136,74.00,0.00,0.00,0.00,0.00,42
16.2322,74.00,0.00,0.00,0.00,0.00,43
16.2618,74.00,0.00,0.00,0.00,0.00,42
16.2779,74.00,0.00,0.00,0.00,0.00,44
16.3071,74.00,0.00,0.00,0.00,0.00,43
16.3376,74.00,0.00,0.00,0.00,0.00,42
16.3676,74.00,0.00,0.00,0.00,0.00,41
16.3828,74.00,0.00,0.00,0.00,0.00,43
16.4132,74.00,0.00,0.00,0.00,0.00,42
16.4286,74.00,0.00,0.00,0.00,0.00,44
16.4598,74.00,0.00,0.00,0.00,0.00,43
16.4895,74.00,0.00,0.00,0.00,0.00,42
16.5193,74.00,0.00,0.00,0.00,0.00,41
16.5366,74.00,0.00,0.00,0.00,0.00,43
16.5674,74.00,0.00,0.00,0.00,0.00,42
16.6986,74.00,0.00,0.00,0.00,0.00,38
16.7158,74.00,0.00,0.00,0.00,0.00,40
16.7341,74.00,0.00,0.00,0.00,0.00,42
16.7676,74.00,0.00,0.00,0.00,0.00,40
16.7849,74.00,0.00,0.00,0.00,0.00,42
16.8170,74.00,0.00,0.00,0.00,0.00,41
16.8357,74.00,0.00,0.00,0.00,0.00,42
16.8658,74.00,0.00,0.00,0.00,0.00,41
16.8818,74.00,0.00,0.00,0.00,0.00,43
16.9124,74.00,0.00,0.00,0.00,0.00,42
16.9325,74.00,0.00,0.00,0.00,0.00,43
16.9649,74.00,0.00,0.00,0.00,0.00,42
16.9816,74.00,0.00,0.00,0.00,0.00,43
17.0120,74.00,0.00,0.00,0.00,0.00,42
17.0419,74.00,0.00,0.00,0.00,0.00,41
17.0724,74.00,0.00,0.00,0.00,0.00,40
17.0877,74.00,0.00,0.00,0.00,0.00,43
17.1190,74.00,0.00,0.00,0.00,0.00,42
17.1359,74.00,0.00,0.00,0.00,0.00,43
17.1654,74.00,0.00,0.00,0.00,0.00,42
17.1953,74.00,0.00,0.00,0.00,0.00,41
17.2259,74.00,0.00,0.00,0.00,0.00,41
17.2410,74.00,0.00,0.00,0.00,0.00,43
17.2720,74.00,0.00,0.00,0.00,0.00,42
17.2884,74.00,0.00,0.00,0.00,0.00,44
17.3185,74.00,0.00,0.00,0.00,0.00,43
17.3363,74.00,0.00,0.00,0.00,0.00,44
17.3694,74.00,0.00,0.00,0.00,0.00,43
17.3989,74.00,0.00,0.00,0.00,0.00,42
17.4280,74.00,0.00,0.00,0.00,0.00,41
17.4445,74.00,0.00,0.00,0.00,0.00,43
17.4745,74.00,0.00,0.00,0.00,0.00,42
17.5051,74.00,0.00,0.00,0.00,0.00,41
17.5358,74.00,0.00,0.00,0.00,0.00,40
17.5515,74.00,0.00,0.00,0.00,0.00,42
17.5810,74.00,0.00,0.00,0.00,0.00,41
17.5965,74.00,0.00,0.00,0.00,0.00,44
17.6283,74.00,0.00,0.00,0.00,0.00,42
17.6587,74.00,0.00,0.00,0.00,0.00,41
17.6918,74.00,0.00,0.00,0.00,0.00,40
17.7081,74.00,0.00,0.00,0.00,0.00,42
17.7381,74.00,0.00,0.00,0.00,0.00,41
17.7531,74.00,0.00,0.00,0.00,0.00,44
17.7838,74.00,0.00,0.00,0.00,0.00,43
17.8138,74.00,0.00,0.00,0.00,0.00,42
17.8462,74.00,0.00,0.00,0.00,0.00,41
17.8620,74.00,0.00,0.00,0.00,0.00,43
17.8929,74.00,0.00,0.00,0.00,0.00,42
17.9083,74.00,0.00,0.00,0.00,0.00,44
17.9379,74.00,0.00,0.00,0.00,0.00,43
17.9691,74.00,0.00,0.00,0.00,0.00,42
17.9989,74.00,0.00,0.00,0.00,0.00,41
18.0161,74.00,0.00,0.00,0.00,0.00,43
18.0461,74.00,0.00,0.00,0.00,0.00,42
18.0613,74.00,0.00,0.00,0.00,0.00,44
18.1054,74.00,0.00,0.00,0.00,0.00,42
18.1232,74.00,0.00,0.00,0.00,0.00,43
18.1537,74.00,0.00,0.00,0.00,0.00,42
18.1687,74.00,0.00,0.00,0.00,0.00,44
18.1989,74.00,0.00,0.00,0.00,0.00,43
18.2303,74.00,0.00,0.00,0.00,0.00,42
18.2605,74.00,0.00,0.00,0.00,0.00,41
18.2751,74.00,0.00,0.00,0.00,0.00,44
18.3071,74.00,0.00,0.00,0.00,0.00,43
18.3221,74.00,0.00,0.00,0.00,0.00,45
18.3520,74.00,0.00,0.00,0.00,0.00,44
18.3820,74.00,0.00,0.00,0.00,0.00,43
18.4119,74.00,0.00,0.00,0.00,0.00,42
18.4284,74.00,0.00,0.00,0.00,0.00,44
18.4585,74.00,0.00,0.00,0.00,0.00,42
18.4892,74.00,0.00,0.00,0.00,0.00,41
18.5053,74.00,0.00,0.00,0.00,0.00,43
18.5341,74.00,0.00,0.00,0.00,0.00,43
18.5644,74.00,0.00,0.00,0.00,0.00,42
18.5950,74.00,0.00,0.00,0.00,0.00,41
18.6103,74.00,0.00,0.00,0.00,0.00,43
18.6429,74.00,0.00,0.00,0.00,0.00,42
18.6596,74.00,0.00,0.00,0.00,0.00,43
18.6898,74.00,0.00,0.00,0.00,0.00,42
18.7197,74.00,0.00,0.00,0.00,0.00,41
18.7487,74.00,0.00,0.00,0.00,0.00,41
18.7646,74.00,0.00,0.00,0.00,0.00,43
18.7950,74.00,0.00,0.00,0.00,0.00,42
18.8253,74.00,0.00,0.00,0.00,0.00,41
18.8422,74.00,0.00,0.00,0.00,0.00,43
18.8721,74.00,0.00,0.00,0.00,0.00,42
18.9025,74.00,0.00,0.00,0.00,0.00,41
18.9174,74.00,0.00,0.00,0.00,0.00,43
18.9469,74.00,0.00,0.00,0.00,0.00,42
18.9772,74.00,0.00,0.00,0.00,0.00,41
18.9950,74.00,0.00,0.00,0.00,0.00,43
19.0283,74.00,0.00,0.00,0.00,0.00,41
19.0602,74.00,0.00,0.00,0.00,0.00,40
19.0758,74.00,0.00,0.00,0.00,0.00,43
19.1071,74.00,0.00,0.00,0.00,0.00,42
19.1237,74.00,0.00,0.00,0.00,0.00,43
19.1560,74.00,0.00,0.00,0.00,0.00,42
19.1762,74.00,0.00,0.00,0.00,0.00,43
19.2092,74.00,0.00,0.00,0.00,0.00,42
19.2287,74.00,0.00,0.00,0.00,0.00,42
19.2604,74.00,0.00,0.00,0.00,0.00,41
19.2902,74.00,0.00,0.00,0.00,0.00,40
19.3073,74.00,0.00,0.00,0.00,0.00,42
19.3380,74.00,0.00,0.00,0.00,0.00,41
19.3672,74.00,0.00,0.00,0.00,0.00,40
19.3824,74.00,0.00,0.00,0.00,0.00,43
19.4118,74.00,0.00,0.00,0.00,0.00,42
19.4435,74.00,0.00,0.00,0.00,0.00,41
19.4590,74.00,0.00,0.00,0.00,0.00,43
19.4882,74.00,0.00,0.00,0.00,0.00,42
19.5189,74.00,0.00,0.00,0.00,0.00,41
19.5344,74.00,0.00,0.00,0.00,0.00,44
19.5637,74.00,0.00,0.00,0.00,0.00,43
19.5969,74.00,0.00,0.00,0.00,0.00,41
19.6117,74.00,0.00,0.00,0.00,0.00,44
19.6410,74.00,0.00,0.00,0.00,0.00,43
19.6713,74.00,0.00,0.00,0.00,0.00,42
19.7023,74.00,0.00,0.00,0.00,0.00,41
19.7173,74.00,0.00,0.00,0.00,0.00,43
19.7479,74.00,0.00,0.00,0.00,0.00,42
19.7648,74.00,0.00,0.00,0.00,0.00,44
19.7987,74.00,0.00,0.00,0.00,0.00,42
19.8145,74.00,0.00,0.00,0.00,0.00,44
19.8473,74.00,0.00,0.00,0.00,0.00,43
19.8808,74.00,0.00,0.00,0.00,0.00,42
19.8974,74.00,0.00,0.00,0.00,0.00,43
19.9276,74.00,0.00,0.00,0.00,0.00,42
19.9606,74.00,0.00,0.00,0.00,0.00,41
19.9777,74.00,0.00,0.00,0.00,0.00,43
20.0086,74.00,0.00,0.00,0.00,0.00,42
20.0243,74.00,0.00,0.00,0.00,0.00,44
20.0550,74.00,0.00,0.00,0.00,0.00,43
20.0857,74.00,0.00,0.00,0.00,0.00,42
20.1022,74.00,0.00,0.00,0.00,0.00,43
20.1342,74.00,0.00,0.00,0.00,0.00,42
20.1680,74.00,0.00,0.00,0.00,0.00,41
20.1831,74.00,0.00,0.00,0.00,0.00,43
20.2142,74.00,0.00,0.00,0.00,0.00,42
20.2297,74.00,0.00,0.00,0.00,0.00,44
20.2586,74.00,0.00,0.00,0.00,0.00,43
20.2892,74.00,0.00,0.00,0.00,0.00,42
20.3204,74.00,0.00,0.00,0.00,0.00,41
20.3361,74.00,0.00,0.00,0.00,0.00,43
20.3665,74.00,0.00,0.00,0.00,0.00,42
20.3817,74.00,0.00,0.00,0.00,0.00,45
20.4131,74.00,0.00,0.00,0.00,0.00,43
20.4426,74.00,0.00,0.00,0.00,0.00,42
20.4719,74.00,0.00,0.00,0.00,0.00,41
20.4867,74.00,0.00,0.00,0.00,0.00,44
20.5183,74.00,0.00,0.00,0.00,0.00,43
20.5342,74.00,0.00,0.00,0.00,0.00,45
20.5658,74.00,0.00,0.00,0.00,0.00,43
20.5955,74.00,0.00,0.00,0.00,0.00,42
20.6260,74.00,0.00,0.00,0.00,0.00,41
20.6432,74.00,0.00,0.00,0.00,0.00,43
20.6729,74.00,0.00,0.00,0.00,0.00,42
20.6889,74.00,0.00,0.00,0.00,0.00,44
20.7191,74.00,0.00,0.00,0.00,0.00,43
20.7379,74.00,0.00,0.00,0.00,0.00,44
20.7684,74.00,0.00,0.00,0.00,0.00,43
20.7982,74.00,0.00,0.00,0.00,0.00,42
20.8280,74.00,0.00,0.00,0.00,0.00,41
20.8453,74.00,0.00,0.00,0.00,0.00,42
20.8743,74.00,0.00,0.00,0.00,0.00,42
20.9041,74.00,0.00,0.00,0.00,0.00,41
20.9344,74.00,0.00,0.00,0.00,0.00,40
20.9501,74.00,0.00,0.00,0.00,0.00,42
20.9810,74.00,0.00,0.00,0.00,0.00,41
20.9965,74.00,0.00,0.00,0.00,0.00,43
21.0276,74.00,0.00,0.00,0.00,0.00,42
21.0583,74.00,0.00,0.00,0.00,0.00,41
21.0881,74.00,0.00,0.00,0.00,0.00,40
21.1041,74.00,0.00,0.00,0.00,0.00,43
21.1344,74.00,0.00,0.00,0.00,0.00,42
21.1508,74.00,0.00,0.00,0.00,0.00,43
21.1801,74.00,0.00,0.00,0.00,0.00,43
21.2138,74.00,0.00,0.00,0.00,0.00,41
21.2306,74.00,0.00,0.00,0.00,0.00,43
21.2619,74.00,0.00,0.00,0.00,0.00,42
21.2938,74.00,0.00,0.00,0.00,0.00,41
21.3140,74.00,0.00,0.00,0.00,0.00,42
21.3496,74.00,0.00,0.00,0.00,0.00,40
21.3646,74.00,0.00,0.00,0.00,0.00,43
21.3990,74.00,0.00,0.00,0.00,0.00,41
21.4141,74.00,0.00,0.00,0.00,0.00,44
21.4431,74.00,0.00,0.00,0.00,0.00,43
21.4580,74.00,0.00,0.00,0.00,0.00,45
21.4875,74.00,0.00,0.00,0.00,0.00,44
21.5192,74.00,0.00,0.00,0.00,0.00,43
21.5490,74.00,0.00,0.00,0.00,0.00,42
21.5647,74.00,0.00,0.00,0.00,0.00,44
21.5943,74.00,0.00,0.00,0.00,0.00,43
21.6233,74.00,0.00,0.00,0.00,0.00,42
21.6528,74.00,0.00,0.00,0.00,0.00,41
21.6700,74.00,0.00,0.00,0.00,0.00,43
21.7012,74.00,0.00,0.00,0.00,0.00,42
21.7168,74.00,0.00,0.00,0.00,0.00,44
21.7478,74.00,0.00,0.00,0.00,0.00,43
21.7646,74.00,0.00,0.00,0.00,0.00,44
21.7952,74.00,0.00,0.00,0.00,0.00,43
21.8263,74.00,0.00,0.00,0.00,0.00,42
21.8584,74.00,0.00,0.00,0.00,0.00,41
21.8749,74.00,0.00,0.00,0.00,0.00,43
21.9054,74.00,0.00,0.00,0.00,0.00,42
21.9204,74.00,0.00,0.00,0.00,0.00,44
21.9648,74.00,0.00,0.00,0.00,0.00,42
21.9818,74.00,0.00,0.00,0.00,0.00,44
22.0130,74.00,0.00,0.00,0.00,0.00,42
22.0299,74.00,0.00,0.00,0.00,0.00,44
22.0597,74.00,0.00,0.00,0.00,0.00,43
22.0761,74.00,0.00,0.00,0.00,0.00,45
22.1070,74.00,0.00,0.00,0.00,0.00,43
22.1371,74.00,0.00,0.00,0.00,0.00,42
22.1712,74.00,0.00,0.00,0.00,0.00,41
22.1875,74.00,0.00,0.00,0.00,0.00,43
22.2197,74.00,0.00,0.00,0.00,0.00,42
22.2356,74.00,0.00,0.00,0.00,0.00,44
22.2716,74.00,0.00,0.00,0.00,0.00,42
22.2871,74.00,0.00,0.00,0.00,0.00,44
22.3193,74.00,0.00,0.00,0.00,0.00,43
22.3376,74.00,0.00,0.00,0.00,0.00,44
22.3741,74.00,0.00,0.00,0.00,0.00,42
22.3909,74.00,0.00,0.00,0.00,0.00,44
22.4215,74.00,0.00,0.00,0.00,0.00,43
22.4388,74.00,0.00,0.00,0.00,0.00,44
22.4705,74.00,0.00,0.00,0.00,0.00,43
22.4858,74.00,0.00,0.00,0.00,0.00,45
22.5302,74.00,0.00,0.00,0.00,0.00,43
22.5485,74.00,0.00,0.00,0.00,0.00,44
22.5789,74.00,0.00,0.00,0.00,0.00,43
22.5937,74.00,0.00,0.00,0.00,0.00,45
22.6275,74.00,0.00,0.00,0.00,0.00,44
22.6431,74.00,0.00,0.00,0.00,0.00,46
22.6880,74.00,0.00,0.00,0.00,0.00,43
22.7069,74.00,0.00,0.00,0.00,0.00,44
22.7390,74.00,0.00,0.00,0.00,0.00,43
22.7547,74.00,0.00,0.00,0.00,0.00,45
22.7877,74.00,0.00,0.00,0.00,0.00,43
22.8040,74.00,0.00,0.00,0.00,0.00,45
22.8399,74.00,0.00,0.00,0.00,0.00,43
22.8547,74.00,0.00,0.00,0.00,0.00,46
22.8850,74.00,0.00,0.00,0.00,0.00,44
22.9008,74.00,0.00,0.00,0.00,0.00,46
22.9325,74.00,0.00,0.00,0.00,0.00,45
22.9476,74.00,0.00,0.00,0.00,0.00,47
22.9922,74.00,0.00,0.00,0.00,0.00,44
23.0081,74.00,0.00,0.00,0.00,0.00,46
23.0390,74.00,0.00,0.00,0.00,0.00,45
23.0543,74.00,0.00,0.00,0.00,0.00,47
23.1097,74.00,0.00,0.00,0.00,0.00,44
23.1260,74.00,0.00,0.00,0.00,0.00,46
23.1424,74.00,0.00,0.00,0.00,0.00,47
23.1734,74.00,0.00,0.00,0.00,0.00,46
23.1892,74.00,0.00,0.00,0.00,0.00,47
23.2215,74.00,0.00,0.00,0.00,0.00,46
23.2525,74.00,0.00,0.00,0.00,0.00,44
23.2698,74.00,0.00,0.00,0.00,0.00,45
23.2993,74.00,0.00,0.00,0.00,0.00,44
23.3313,74.00,0.00,0.00,0.00,0.00,43
23.3471,74.00,0.00,0.00,0.00,0.00,45
23.3771,74.00,0.00,0.00,0.00,0.00,44
23.4079,74.00,0.00,0.00,0.00,0.00,43
23.4227,74.00,0.00,0.00,0.00,0.00,45
23.4557,74.00,0.00,0.00,0.00,0.00,43
23.4857,74.00,0.00,0.00,0.00,0.00,42
23.5016,74.00,0.00,0.00,0.00,0.00,44
23.5320,74.00,0.00,0.00,0.00,0.00,43
23.5626,74.00,0.00,0.00,0.00,0.00,42
23.5790,74.00,0.00,0.00,0.00,0.00,44
23.6100,74.00,0.00,0.00,0.00,0.00,43
23.6278,74.00,0.00,0.00,0.00,0.00,44
23.6596,74.00,0.00,0.00,0.00,0.00,43
23.6793,74.00,0.00,0.00,0.00,0.00,43
23.7148,74.00,0.00,0.00,0.00,0.00,42
23.7300,74.00,0.00,0.00,0.00,0.00,44
23.7601,74.00,0.00,0.00,0.00,0.00,43
23.7908,74.00,0.00,0.00,0.00,0.00,42
23.8249,74.00,0.00,0.00,0.00,0.00,41
23.8412,74.00,0.00,0.00,0.00,0.00,43
23.8715,74.00,0.00,0.00,0.00,0.00,42
23.8880,74.00,0.00,0.00,0.00,0.00,44
23.9225,74.00,0.00,0.00,0.00,0.00,42
23.9391,74.00,0.00,0.00,0.00,0.00,44
23.9771,74.00,0.00,0.00,0.00,0.00,42
23.9927,74.00,0.00,0.00,0.00,0.00,44
24.0263,74.00,0.00,0.00,0.00,0.00,43
24.0415,74.00,0.00,0.00,0.00,0.00,45
24.0737,74.00,0.00,0.00,0.00,0.00,43
24.0892,74.00,0.00,0.00,0.00,0.00,46
24.1205,74.00,0.00,0.00,0.00,0.00,44
24.1506,74.00,0.00,0.00,0.00,0.00,43
24.1804,74.00,0.00,0.00,0.00,0.00,42
24.1955,74.00,0.00,0.00,0.00,0.00,44
24.2289,74.00,0.00,0.00,0.00,0.00,43
24.2575,74.00,0.00,0.00,0.00,0.00,42
24.2745,74.00,0.00,0.00,0.00,0.00,44
24.3055,74.00,0.00,0.00,0.00,0.00,42
24.3363,74.00,0.00,0.00,0.00,0.00,41
24.3543,74.00,0.00,0.00,0.00,0.00,43
24.3900,74.00,0.00,0.00,0.00,0.00,41
24.4081,74.00,0.00,0.00,0.00,0.00,43
24.4395,74.00,0.00,0.00,0.00,0.00,42
24.4597,74.00,0.00,0.00,0.00,0.00,42
24.4959,74.00,0.00,0.00,0.00,0.00,41
24.5123,74.00,0.00,0.00,0.00,0.00,43
24.5372,74.00,0.00,0.00,0.00,0.00,42
24.5687,74.00,0.00,0.00,0.00,0.00,41
24.5841,74.00,0.00,0.00,0.00,0.00,44
24.6160,74.00,0.00,0.00,0.00,0.00,42
24.6470,74.00,0.00,0.00,0.00,0.00,41
24.6645,74.00,0.00,0.00,0.00,0.00,43
24.7055,74.00,0.00,0.00,0.00,0.00,41
24.7206,74.00,0.00,0.00,0.00,0.00,43
24.7508,74.00,0.00,0.00,0.00,0.00,42
24.7671,74.00,0.00,0.00,0.00,0.00,44
24.7968,74.00,0.00,0.00,0.00,0.00,43
24.8124,74.00,0.00,0.00,0.00,0.00,45
24.8429,74.00,0.00,0.00,0.00,0.00,44
24.8614,74.00,0.00,0.00,0.00,0.00,45
24.9602,74.00,0.00,0.00,0.00,0.00,41
24.9754,74.00,0.00,0.00,0.00,0.00,44
24.9946,74.00,0.00,0.00,0.00,0.00,44
25.0269,74.00,0.00,0.00,0.00,0.00,43
25.0432,74.00,0.00,0.00,0.00,0.00,45
25.0770,74.00,0.00,0.00,0.00,0.00,43
25.0954,74.00,0.00,0.00,0.00,0.00,44
25.1307,74.00,0.00,0.00,0.00,0.00,43
25.1485,74.00,0.00,0.00,0.00,0.00,44
25.1804,74.00,0.00,0.00,0.00,0.00,43
25.1956,74.00,0.00,0.00,0.00,0.00,45
25.2278,74.00,0.00,0.00,0.00,0.00,44
25.2428,74.00,0.00,0.00,0.00,0.00,46
25.2740,74.00,0.00,0.00,0.00,0.00,44
25.2889,74.00,0.00,0.00,0.00,0.00,47
25.3410,74.00,0.00,0.00,0.00,0.00,44
25.3575,74.00,0.00,0.00,0.00,0.00,45
25.3903,74.00,0.00,0.00,0.00,0.00,44
25.4059,74.00,0.00,0.00,0.00,0.00,46
25.4362,74.00,0.00,0.00,0.00,0.00,45
25.4510,74.00,0.00,0.00,0.00,0.00,47
25.4827,74.00,0.00,0.00,0.00,0.00,45
25.5118,74.00,0.00,0.00,0.00,0.00,44
25.5430,74.00,0.00,0.00,0.00,0.00,43
25.5618,74.00,0.00,0.00,0.00,0.00,44
25.5911,74.00,0.00,0.00,0.00,0.00,43
25.6062,74.00,0.00,0.00,0.00,0.00,45
25.6379,74.00,0.00,0.00,0.00,0.00,44
25.6551,74.00,0.00,0.00,0.00,0.00,45
25.6848,74.00,0.00,0.00,0.00,0.00,44
25.7145,74.00,0.00,0.00,0.00,0.00,43
25.7447,74.00,0.00,0.00,0.00,0.00,42
25.7597,74.00,0.00,0.00,0.00,0.00,44
25.7912,74.00,0.00,0.00,0.00,0.00,43
25.8090,74.00,0.00,0.00,0.00,0.00,44
25.8392,74.00,0.00,0.00,0.00,0.00,43
25.8686,74.00,0.00,0.00,0.00,0.00,42
25.9012,74.00,0.00,0.00,0.00,0.00,41
25.9164,74.00,0.00,0.00,0.00,0.00,43
25.9473,74.00,0.00,0.00,0.00,0.00,42
25.9629,74.00,0.00,0.00,0.00,0.00,44
25.9926,74.00,0.00,0.00,0.00,0.00,43
26.1116,74.00,0.00,0.00,0.00,0.00,40
26.1283,74.00,0.00,0.00,0.00,0.00,42
26.1435,74.00,0.00,0.00,0.00,0.00,44
26.1758,74.00,0.00,0.00,0.00,0.00,43
26.1915,74.00,0.00,0.00,0.00,0.00,45
26.2226,74.00,0.00,0.00,0.00,0.00,43
26.2394,74.00,0.00,0.00,0.00,0.00,45
26.2688,74.00,0.00,0.00,0.00,0.00,44
26.2858,74.00,0.00,0.00,0.00,0.00,45
26.3307,74.00,0.00,0.00,0.00,0.00,43
26.3460,74.00,0.00,0.00,0.00,0.00,45
26.3761,74.00,0.00,0.00,0.00,0.00,44
26.3922,74.00,0.00,0.00,0.00,0.00,46
26.4730,74.00,0.00,0.00,0.00,0.00,42
26.4784,74.00,0.00,0.00,0.00,0.00,57
